{"loss": 0.3328177332878113, "mae": 0.9162492752075204, "available_memory": 382629318656, "used_memory": 12614635520, "memory_percent": 5.4, "_timestamp": 1715168921.3555753, "_runtime": 86694.87225437164, "_step": 79895, "train_loss": 0.2955234094116341, "train_mae": 0.8993188876042799, "val_loss": 1.5594129443720535, "val_mae": 2.825098442913576, "val_pearson": 187.45170572502255}