{"loss": 1.965397834777832, "mae": 6.812499656677246, "cpu_percent": 5.6, "cpu_count": 40, "total_memory": 404316979200, "available_memory": 380982444032, "used_memory": 14900826112, "memory_percent": 5.8, "_timestamp": 1714899421.9474745, "_runtime": 137.00225949287415, "_step": 141}