{"loss": 1.7875885963439941, "mae": 5.488748855590819, "available_memory": 236475719680, "used_memory": 29222887424, "memory_percent": 12.5, "_timestamp": 1715598372.8878345, "_runtime": 757.4302105903625, "_step": 104}