{"loss": 0.3415463864803314, "mae": 0.9187494468688957, "cpu_percent": 3.0, "cpu_count": 40, "total_memory": 404316979200, "available_memory": 385131589632, "used_memory": 10122801152, "memory_percent": 4.7, "_timestamp": 1714949457.3373003, "_runtime": 49963.09824633598, "_step": 64800, "train_loss": 0.28706704639475045, "train_mae": 0.8290150523407178, "val_loss": 1.571839538437349, "val_mae": 2.805545954174465, "test_loss": 1.5415237700497662, "test_mae": 2.695640459825963, "_wandb": {"runtime": 49962}}