{"loss": 1.034015417098999, "mae": 2.086249465942381, "available_memory": 382933270528, "used_memory": 8168472576, "memory_percent": 5.3, "_timestamp": 1716043562.6928875, "_runtime": 77461.64681744576, "_step": 23041, "train_loss": 1.075358817306887, "train_mae": 2.1285422973294454, "val_loss": 1.2571371933993172, "val_mae": 2.756887244056253}