{"loss": 2.4355106353759766, "mae": 8.91500057220459, "available_memory": 384413122560, "used_memory": 14155780096, "memory_percent": 4.9, "_timestamp": 1715587936.991864, "_runtime": 3044.8110780715942, "_step": 529}