{"loss": 0.9880105257034302, "mae": 1.7962511253356954, "cpu_percent": 12.5, "cpu_count": 40, "total_memory": 270082146304, "available_memory": 234306752512, "used_memory": 26282962944, "memory_percent": 13.2, "_timestamp": 1715935028.922007, "_runtime": 86680.00078511238, "_step": 20337, "train_loss": 1.1658524161293393, "train_mae": 2.4506722736981965, "val_loss": 1.514055500427882, "val_mae": 3.3412255792056818}