{"loss": 0.9101497530937195, "mae": 2.0424989700317395, "available_memory": 377864531968, "used_memory": 17609035776, "memory_percent": 6.5, "_timestamp": 1715584730.7785103, "_runtime": 62806.171243429184, "_step": 19830, "train_loss": 1.0860042200184459, "train_mae": 2.2264067644821988, "val_loss": 2.559119015104241, "val_mae": 4.632397772588851}