{"loss": 1.7002179622650146, "mae": 3.6299990653991685, "available_memory": 380131610624, "used_memory": 15158329344, "memory_percent": 6.0, "_timestamp": 1714987428.759857, "_runtime": 159.87349796295166, "_step": 184}