{"loss": 2.12931752204895, "mae": 7.048751010894774, "available_memory": 237386821632, "used_memory": 26110545920, "memory_percent": 12.1, "_timestamp": 1715597593.8033814, "_runtime": 1099.6810655593872, "_step": 209}