{"loss": 2.4165666103363037, "mae": 7.683750686645508, "available_memory": 383839420416, "used_memory": 13655658496, "memory_percent": 5.1, "_timestamp": 1715591375.183673, "_runtime": 3156.704039812088, "_step": 570}