{"loss": 1.7996987104415894, "mae": 6.14124979019165, "available_memory": 370020364288, "used_memory": 15417241600, "memory_percent": 8.5, "_timestamp": 1716041453.8791275, "_runtime": 12008.883733510971, "_step": 1969, "train_loss": 1.8631032737029367, "train_mae": 5.674738579775886, "val_loss": 3.9509369766010956, "val_mae": 10.097071150237438}