{"available_memory": 374924570624, "used_memory": 20426227712, "memory_percent": 7.3, "_timestamp": 1716191562.3682222, "_runtime": 354.0930802822113, "_step": 752}