{"loss": 1.8642609119415283, "mae": 5.876249198913573, "cpu_percent": 6.1, "cpu_count": 40, "total_memory": 404316979200, "available_memory": 374031908864, "used_memory": 23130329088, "memory_percent": 7.5, "_timestamp": 1714254948.0370922, "_runtime": 629.8515272140503, "_step": 366}