{"loss": 2.1975953578948975, "mae": 4.684999523162841, "available_memory": 237492109312, "used_memory": 25737928704, "memory_percent": 12.1, "_timestamp": 1715595368.6265478, "_runtime": 1972.3218579292297, "_step": 377}