{"loss": 0.5132244825363159, "mae": 1.0925003242492686, "cpu_percent": 3.8, "cpu_count": 40, "total_memory": 404316979200, "available_memory": 383642054656, "used_memory": 12287635456, "memory_percent": 5.1, "_timestamp": 1714419391.790089, "_runtime": 86702.26648187637, "_step": 52433, "train_loss": 0.45820914647158456, "train_mae": 1.1397736109151937, "val_loss": 1.7173070203926828, "val_mae": 2.9602276693744445}