{"available_memory": 377231568896, "used_memory": 16369778688, "memory_percent": 6.7, "_timestamp": 1717059671.304207, "_runtime": 406.87748408317566, "_step": 120}