{"loss": 0.3642916977405548, "mae": 0.646249656677246, "available_memory": 389443358720, "used_memory": 7937417216, "memory_percent": 3.7, "_timestamp": 1715074208.7402837, "_runtime": 86707.23315882683, "_step": 72108, "train_loss": 0.36431978474552784, "train_mae": 1.007540609607754, "val_loss": 1.4977951491320576, "val_mae": 2.688790563712886}