{"loss": 2.2781784534454346, "mae": 6.5387498474121095, "available_memory": 381718761472, "used_memory": 16995639296, "memory_percent": 5.6, "_timestamp": 1715521450.1170504, "_runtime": 63.36671733856201, "_step": 0, "_wandb": {"runtime": 74}}