{"loss": 1.7309165000915527, "mae": 5.635000286102296, "available_memory": 239246983168, "used_memory": 23522344960, "memory_percent": 11.5, "_timestamp": 1715600604.4328215, "_runtime": 1476.6074874401093, "_step": 115, "gpu_memory_usage": 4}